_id,name,pollingStation,createdAt,updatedAt
5fe7b3ea81e77b3b405c5fb1,J-Z,5fe7991481e77b3b405c5fab,2020-12-26T22:06:34.633Z,2020-12-26T22:28:03.913Z
5fe9037881e77b3b405c5fb3,A-H,5fe7b91181e77b3b405c5fb2,2020-12-27T21:58:16.329Z,2020-12-27T21:58:16.329Z
6028aa35be48b504bc4f6116,A-B,6028a808be48b504bc4f610e,2021-02-14T04:42:29.324Z,2021-02-14T04:42:29.324Z
6028aa41be48b504bc4f6117,C-D,6028a808be48b504bc4f610e,2021-02-14T04:42:41.336Z,2021-02-14T04:42:41.336Z
6028aa4cbe48b504bc4f6118,E-G,6028a808be48b504bc4f610e,2021-02-14T04:42:52.659Z,2021-02-14T04:42:52.659Z
6028aa54be48b504bc4f6119,H-K,6028a808be48b504bc4f610e,2021-02-14T04:43:00.814Z,2021-02-14T04:43:00.814Z
6028aa5bbe48b504bc4f611a,L-M,6028a808be48b504bc4f610e,2021-02-14T04:43:07.255Z,2021-02-14T04:43:07.255Z
6028aa66be48b504bc4f611b,N-R,6028a808be48b504bc4f610e,2021-02-14T04:43:18.264Z,2021-02-14T04:43:18.264Z
6028aa72be48b504bc4f611c,S-Z,6028a808be48b504bc4f610e,2021-02-14T04:43:30.217Z,2021-02-14T04:43:30.217Z
6028aae5be48b504bc4f611d,A-B,6028a818be48b504bc4f610f,2021-02-14T04:45:25.583Z,2021-02-14T04:45:25.583Z
6028ab02be48b504bc4f611e,C-D,6028a818be48b504bc4f610f,2021-02-14T04:45:54.713Z,2021-02-14T04:45:54.713Z
6028ab08be48b504bc4f611f,E-F,6028a818be48b504bc4f610f,2021-02-14T04:46:00.967Z,2021-02-14T04:46:00.967Z
6028ab13be48b504bc4f6120,G-JN,6028a818be48b504bc4f610f,2021-02-14T04:46:11.587Z,2021-02-14T04:46:11.587Z
6028ab1fbe48b504bc4f6121,JO-L,6028a818be48b504bc4f610f,2021-02-14T04:46:23.627Z,2021-02-14T04:46:23.627Z
6028ab26be48b504bc4f6122,M-O,6028a818be48b504bc4f610f,2021-02-14T04:46:30.583Z,2021-02-14T04:46:30.583Z
6028ab2ebe48b504bc4f6123,P-R,6028a818be48b504bc4f610f,2021-02-14T04:46:38.894Z,2021-02-14T04:46:38.894Z
6028ab35be48b504bc4f6124,S-Z,6028a818be48b504bc4f610f,2021-02-14T04:46:45.145Z,2021-02-14T04:46:45.145Z
6028acc1be48b504bc4f6125,A-D,6028a83cbe48b504bc4f6110,2021-02-14T04:53:21.648Z,2021-02-14T04:53:21.648Z
6028accdbe48b504bc4f6126,E-I,6028a83cbe48b504bc4f6110,2021-02-14T04:53:33.445Z,2021-02-14T04:53:33.445Z
6028acd6be48b504bc4f6127,J-M,6028a83cbe48b504bc4f6110,2021-02-14T04:53:42.483Z,2021-02-14T04:53:42.483Z
6028acdfbe48b504bc4f6128,N-Z,6028a83cbe48b504bc4f6110,2021-02-14T04:53:51.311Z,2021-02-14T04:53:51.311Z
6028acf5be48b504bc4f6129,A-Z,6028a860be48b504bc4f6111,2021-02-14T04:54:13.619Z,2021-02-14T04:54:13.619Z
6028ad1dbe48b504bc4f612a,A-B,6028a877be48b504bc4f6112,2021-02-14T04:54:53.589Z,2021-02-14T04:54:53.589Z
6028ad25be48b504bc4f612b,C-D,6028a877be48b504bc4f6112,2021-02-14T04:55:01.014Z,2021-02-14T04:55:01.014Z
6028ad2dbe48b504bc4f612c,E-I,6028a877be48b504bc4f6112,2021-02-14T04:55:09.384Z,2021-02-14T04:55:09.384Z
6028ad33be48b504bc4f612d,J-L,6028a877be48b504bc4f6112,2021-02-14T04:55:15.372Z,2021-02-14T04:55:15.372Z
6028ad39be48b504bc4f612e,M-P,6028a877be48b504bc4f6112,2021-02-14T04:55:21.848Z,2021-02-14T04:55:21.848Z
6028ad3fbe48b504bc4f612f,Q-Z,6028a877be48b504bc4f6112,2021-02-14T04:55:27.668Z,2021-02-14T04:55:27.668Z
6028ad5dbe48b504bc4f6130,A-C,6028a899be48b504bc4f6113,2021-02-14T04:55:57.310Z,2021-02-14T04:55:57.310Z
6028ad62be48b504bc4f6131,D-F,6028a899be48b504bc4f6113,2021-02-14T04:56:02.490Z,2021-02-14T04:56:02.490Z
6028ad69be48b504bc4f6132,G-K,6028a899be48b504bc4f6113,2021-02-14T04:56:09.728Z,2021-02-14T04:56:09.728Z
6028ad80be48b504bc4f6134,L-P,6028a899be48b504bc4f6113,2021-02-14T04:56:32.709Z,2021-02-14T04:56:32.709Z
6028ad87be48b504bc4f6135,R-Z,6028a899be48b504bc4f6113,2021-02-14T04:56:39.258Z,2021-02-14T04:56:39.258Z
6028ae0bbe48b504bc4f6136,A,6028a8b0be48b504bc4f6114,2021-02-14T04:58:51.442Z,2021-02-14T04:58:51.442Z
6028ae13be48b504bc4f6137,B-C,6028a8b0be48b504bc4f6114,2021-02-14T04:58:59.363Z,2021-02-14T04:58:59.363Z
6028ae18be48b504bc4f6138,D-E,6028a8b0be48b504bc4f6114,2021-02-14T04:59:04.184Z,2021-02-14T04:59:04.184Z
6028ae1dbe48b504bc4f6139,F-H,6028a8b0be48b504bc4f6114,2021-02-14T04:59:09.797Z,2021-02-14T04:59:09.797Z
6028ae28be48b504bc4f613a,I-JON,6028a8b0be48b504bc4f6114,2021-02-14T04:59:20.427Z,2021-02-14T04:59:20.427Z
6028ae33be48b504bc4f613b,JOR-K,6028a8b0be48b504bc4f6114,2021-02-14T04:59:31.752Z,2021-02-14T04:59:31.752Z
6028ae3abe48b504bc4f613c,L,6028a8b0be48b504bc4f6114,2021-02-14T04:59:38.436Z,2021-02-14T04:59:38.436Z
6028ae3fbe48b504bc4f613d,M,6028a8b0be48b504bc4f6114,2021-02-14T04:59:43.468Z,2021-02-14T04:59:43.468Z
6028ae46be48b504bc4f613e,N-PL,6028a8b0be48b504bc4f6114,2021-02-14T04:59:50.322Z,2021-02-14T04:59:50.322Z
6028ae4cbe48b504bc4f613f,PO-S,6028a8b0be48b504bc4f6114,2021-02-14T04:59:56.778Z,2021-02-14T04:59:56.778Z
6028ae51be48b504bc4f6140,T-Z,6028a8b0be48b504bc4f6114,2021-02-14T05:00:01.535Z,2021-02-14T05:00:01.535Z
6028ae5fbe48b504bc4f6141,A,6028a8e5be48b504bc4f6115,2021-02-14T05:00:15.001Z,2021-02-14T05:00:15.001Z
6028ae68be48b504bc4f6142,B-CH,6028a8e5be48b504bc4f6115,2021-02-14T05:00:24.135Z,2021-02-14T05:00:24.135Z
6028ae6fbe48b504bc4f6143,CI-D,6028a8e5be48b504bc4f6115,2021-02-14T05:00:31.759Z,2021-02-14T05:00:31.759Z
6028ae76be48b504bc4f6144,E-FO,6028a8e5be48b504bc4f6115,2021-02-14T05:00:38.742Z,2021-02-14T05:00:38.742Z
6028ae7dbe48b504bc4f6145,FR-HE,6028a8e5be48b504bc4f6115,2021-02-14T05:00:45.848Z,2021-02-14T05:00:45.848Z
6028ae8dbe48b504bc4f6146,HI-JOR,6028a8e5be48b504bc4f6115,2021-02-14T05:01:01.310Z,2021-02-14T05:01:01.310Z
6028ae95be48b504bc4f6147,JOS-L,6028a8e5be48b504bc4f6115,2021-02-14T05:01:09.041Z,2021-02-14T05:01:09.041Z
6028ae99be48b504bc4f6148,M,6028a8e5be48b504bc4f6115,2021-02-14T05:01:13.746Z,2021-02-14T05:01:13.746Z
6028aea6be48b504bc4f6149,N-Q,6028a8e5be48b504bc4f6115,2021-02-14T05:01:26.365Z,2021-02-14T05:01:26.365Z
6028aeb0be48b504bc4f614a,R-ST.J,6028a8e5be48b504bc4f6115,2021-02-14T05:01:36.716Z,2021-02-14T05:01:36.716Z
6028aebbbe48b504bc4f614b,ST.L-Z,6028a8e5be48b504bc4f6115,2021-02-14T05:01:47.901Z,2021-02-14T05:01:47.901Z
6028b039be48b504bc4f614c,A-D,6028a60cbe48b504bc4f6104,2021-02-14T05:08:09.947Z,2021-02-14T05:08:09.947Z
6028b03fbe48b504bc4f614d,E-I,6028a60cbe48b504bc4f6104,2021-02-14T05:08:15.591Z,2021-02-14T05:08:15.591Z
6028b045be48b504bc4f614e,J-L,6028a60cbe48b504bc4f6104,2021-02-14T05:08:21.940Z,2021-02-14T05:08:21.940Z
6028b04bbe48b504bc4f614f,M-Z,6028a60cbe48b504bc4f6104,2021-02-14T05:08:27.220Z,2021-02-14T05:08:27.220Z
6028b05abe48b504bc4f6150,A-I,6028a622be48b504bc4f6105,2021-02-14T05:08:42.979Z,2021-02-14T05:08:42.979Z
6028b061be48b504bc4f6151,J-Z,6028a622be48b504bc4f6105,2021-02-14T05:08:49.119Z,2021-02-14T05:08:49.119Z
6028b071be48b504bc4f6152,A-B,6028a665be48b504bc4f6106,2021-02-14T05:09:05.395Z,2021-02-14T05:09:05.395Z
6028b076be48b504bc4f6153,C-E,6028a665be48b504bc4f6106,2021-02-14T05:09:10.541Z,2021-02-14T05:09:10.541Z
6028b07ebe48b504bc4f6154,F-I,6028a665be48b504bc4f6106,2021-02-14T05:09:18.534Z,2021-02-14T05:09:18.534Z
6028b084be48b504bc4f6155,J-K,6028a665be48b504bc4f6106,2021-02-14T05:09:24.323Z,2021-02-14T05:09:24.323Z
6028b0a4be48b504bc4f6156,L-O,6028a678be48b504bc4f6107,2021-02-14T05:09:56.353Z,2021-02-14T05:09:56.353Z
6028b0aabe48b504bc4f6157,P-R,6028a678be48b504bc4f6107,2021-02-14T05:10:02.609Z,2021-02-14T05:10:02.609Z
6028b0b3be48b504bc4f6158,S-Z,6028a678be48b504bc4f6107,2021-02-14T05:10:11.123Z,2021-02-14T05:10:11.123Z
6028b0c3be48b504bc4f6159,A-J,6028a699be48b504bc4f6108,2021-02-14T05:10:27.632Z,2021-02-14T05:10:27.632Z
6028b0c9be48b504bc4f615a,K-Z,6028a699be48b504bc4f6108,2021-02-14T05:10:33.770Z,2021-02-14T05:10:33.770Z
6028b0e1be48b504bc4f615b,A-Z,6028a6aabe48b504bc4f6109,2021-02-14T05:10:57.058Z,2021-02-14T05:10:57.058Z
6028b0f3be48b504bc4f615c,A-C,6028a6c3be48b504bc4f610a,2021-02-14T05:11:15.394Z,2021-02-14T05:11:15.394Z
6028b0fcbe48b504bc4f615d,D-F,6028a6c3be48b504bc4f610a,2021-02-14T05:11:24.074Z,2021-02-14T05:11:24.074Z
6028b101be48b504bc4f615e,G-K,6028a6c3be48b504bc4f610a,2021-02-14T05:11:29.497Z,2021-02-14T05:11:29.497Z
6028b107be48b504bc4f615f,L-O,6028a6c3be48b504bc4f610a,2021-02-14T05:11:35.228Z,2021-02-14T05:11:35.228Z
6028b10cbe48b504bc4f6160,P-Z,6028a6c3be48b504bc4f610a,2021-02-14T05:11:40.546Z,2021-02-14T05:11:40.546Z
6028b11bbe48b504bc4f6161,A-E,6028a6f9be48b504bc4f610b,2021-02-14T05:11:55.076Z,2021-02-14T05:11:55.076Z
6028b121be48b504bc4f6162,F-J,6028a6f9be48b504bc4f610b,2021-02-14T05:12:01.487Z,2021-02-14T05:12:01.487Z
6028b126be48b504bc4f6163,K-Z,6028a6f9be48b504bc4f610b,2021-02-14T05:12:06.335Z,2021-02-14T05:12:06.335Z
6028b137be48b504bc4f6164,A-B,6028a71abe48b504bc4f610c,2021-02-14T05:12:23.156Z,2021-02-14T05:12:23.156Z
6028b13cbe48b504bc4f6165,C-D,6028a71abe48b504bc4f610c,2021-02-14T05:12:28.574Z,2021-02-14T05:12:28.574Z
6028b141be48b504bc4f6166,E-G,6028a71abe48b504bc4f610c,2021-02-14T05:12:33.434Z,2021-02-14T05:12:33.434Z
6028b14abe48b504bc4f6167,H-JOY,6028a71abe48b504bc4f610c,2021-02-14T05:12:42.775Z,2021-02-14T05:12:42.775Z
6028b157be48b504bc4f6168,JUL-L,6028a731be48b504bc4f610d,2021-02-14T05:12:55.688Z,2021-02-14T05:12:55.688Z
6028b160be48b504bc4f6169,M-O,6028a731be48b504bc4f610d,2021-02-14T05:13:04.540Z,2021-02-14T05:13:04.540Z
6028b166be48b504bc4f616a,P-R,6028a731be48b504bc4f610d,2021-02-14T05:13:10.481Z,2021-02-14T05:13:10.481Z
6028b16cbe48b504bc4f616b,S-Z,6028a731be48b504bc4f610d,2021-02-14T05:13:16.291Z,2021-02-14T05:13:16.291Z
6028ca11be48b504bc4f616c,A-CHAR,6028a52bbe48b504bc4f60ff,2021-02-14T06:58:25.098Z,2021-02-14T06:58:25.098Z
6028ca1cbe48b504bc4f616d,CHAS-E,6028a52bbe48b504bc4f60ff,2021-02-14T06:58:36.409Z,2021-02-14T06:58:36.409Z
6028ca23be48b504bc4f616e,F-JN,6028a52bbe48b504bc4f60ff,2021-02-14T06:58:43.466Z,2021-02-14T06:58:43.466Z
6028ca2abe48b504bc4f616f,JO-ME,6028a52bbe48b504bc4f60ff,2021-02-14T06:58:50.544Z,2021-02-14T06:58:50.544Z
6028ca31be48b504bc4f6170,MI-R,6028a52bbe48b504bc4f60ff,2021-02-14T06:58:57.597Z,2021-02-14T06:58:57.597Z
6028ca38be48b504bc4f6171,S-Z,6028a52bbe48b504bc4f60ff,2021-02-14T06:59:04.821Z,2021-02-14T06:59:04.821Z
6028ca4ebe48b504bc4f6172,A-BO,6028a54bbe48b504bc4f6100,2021-02-14T06:59:26.163Z,2021-02-14T06:59:26.163Z
6028ca55be48b504bc4f6173,BR-DA,6028a54bbe48b504bc4f6100,2021-02-14T06:59:33.223Z,2021-02-14T06:59:33.223Z
6028ca5bbe48b504bc4f6174,DE-FO,6028a54bbe48b504bc4f6100,2021-02-14T06:59:39.640Z,2021-02-14T06:59:39.640Z
6028ca64be48b504bc4f6175,FR-JI,6028a54bbe48b504bc4f6100,2021-02-14T06:59:48.113Z,2021-02-14T06:59:48.113Z
6028ca6bbe48b504bc4f6176,JN-LE,6028a54bbe48b504bc4f6100,2021-02-14T06:59:55.040Z,2021-02-14T06:59:55.040Z
6028ca72be48b504bc4f6177,LI-O,6028a54bbe48b504bc4f6100,2021-02-14T07:00:02.809Z,2021-02-14T07:00:02.809Z
6028ca79be48b504bc4f6178,P-SM,6028a54bbe48b504bc4f6100,2021-02-14T07:00:09.024Z,2021-02-14T07:00:09.024Z
6028ca7fbe48b504bc4f6179,NS-Z,6028a54bbe48b504bc4f6100,2021-02-14T07:00:15.709Z,2021-02-14T07:00:15.709Z
6028ca95be48b504bc4f617a,A-D,6028a565be48b504bc4f6101,2021-02-14T07:00:37.254Z,2021-02-14T07:00:37.254Z
6028ca99be48b504bc4f617b,E-I,6028a565be48b504bc4f6101,2021-02-14T07:00:41.826Z,2021-02-14T07:00:41.826Z
6028ca9fbe48b504bc4f617c,J-O,6028a565be48b504bc4f6101,2021-02-14T07:00:47.646Z,2021-02-14T07:00:47.646Z
6028caa4be48b504bc4f617d,P-Z,6028a565be48b504bc4f6101,2021-02-14T07:00:52.804Z,2021-02-14T07:00:52.804Z
6028cabbbe48b504bc4f617e,A-CHAN,6028a57ebe48b504bc4f6102,2021-02-14T07:01:15.734Z,2021-02-14T07:01:15.734Z
6028cac2be48b504bc4f617f,CHAR-E,6028a57ebe48b504bc4f6102,2021-02-14T07:01:22.209Z,2021-02-14T07:01:22.209Z
6028cac7be48b504bc4f6180,F-I,6028a57ebe48b504bc4f6102,2021-02-14T07:01:27.358Z,2021-02-14T07:01:27.358Z
6028cacdbe48b504bc4f6181,J-K,6028a57ebe48b504bc4f6102,2021-02-14T07:01:33.174Z,2021-02-14T07:01:33.174Z
6028cad2be48b504bc4f6182,L-O,6028a57ebe48b504bc4f6102,2021-02-14T07:01:38.061Z,2021-02-14T07:01:38.061Z
6028cad8be48b504bc4f6183,P-SI,6028a57ebe48b504bc4f6102,2021-02-14T07:01:44.937Z,2021-02-14T07:01:44.937Z
6028cae0be48b504bc4f6184,SK-Z,6028a57ebe48b504bc4f6102,2021-02-14T07:01:52.124Z,2021-02-14T07:01:52.124Z
6028caf5be48b504bc4f6185,A-E,6028a5a2be48b504bc4f6103,2021-02-14T07:02:13.666Z,2021-02-14T07:02:13.666Z
6028caffbe48b504bc4f6186,F-L,6028a5a2be48b504bc4f6103,2021-02-14T07:02:23.914Z,2021-02-14T07:02:23.914Z
6028cb06be48b504bc4f6187,M-Z,6028a5a2be48b504bc4f6103,2021-02-14T07:02:30.027Z,2021-02-14T07:02:30.027Z
6028cb5ebe48b504bc4f6188,A-G,6028a381be48b504bc4f60f8,2021-02-14T07:03:58.014Z,2021-02-14T07:03:58.014Z
6028cb66be48b504bc4f6189,H-M,6028a381be48b504bc4f60f8,2021-02-14T07:04:06.111Z,2021-02-14T07:04:06.111Z
6028cb6dbe48b504bc4f618a,N-Z,6028a381be48b504bc4f60f8,2021-02-14T07:04:13.372Z,2021-02-14T07:04:13.372Z
6028cb7abe48b504bc4f618b,A-B,6028a398be48b504bc4f60f9,2021-02-14T07:04:26.826Z,2021-02-14T07:04:26.826Z
6028cb7fbe48b504bc4f618c,C-D,6028a398be48b504bc4f60f9,2021-02-14T07:04:31.081Z,2021-02-14T07:04:31.081Z
6028cb84be48b504bc4f618d,E-F,6028a398be48b504bc4f60f9,2021-02-14T07:04:36.333Z,2021-02-14T07:04:36.333Z
6028cb89be48b504bc4f618e,G-I,6028a398be48b504bc4f60f9,2021-02-14T07:04:41.495Z,2021-02-14T07:04:41.495Z
6028cb8fbe48b504bc4f618f,J-K,6028a398be48b504bc4f60f9,2021-02-14T07:04:47.304Z,2021-02-14T07:04:47.304Z
6028cb97be48b504bc4f6190,L-MAY,6028a398be48b504bc4f60f9,2021-02-14T07:04:55.428Z,2021-02-14T07:04:55.428Z
6028cb9fbe48b504bc4f6191,MC-P,6028a398be48b504bc4f60f9,2021-02-14T07:05:03.511Z,2021-02-14T07:05:03.511Z
6028cbabbe48b504bc4f6192,Q-STA,6028a398be48b504bc4f60f9,2021-02-14T07:05:15.092Z,2021-02-14T07:05:15.092Z
6028cbb1be48b504bc4f6193,STE-Z,6028a398be48b504bc4f60f9,2021-02-14T07:05:21.830Z,2021-02-14T07:05:21.830Z
6028cbd1be48b504bc4f6194,A-J,6028a3acbe48b504bc4f60fa,2021-02-14T07:05:53.312Z,2021-02-14T07:05:53.312Z
6028cbd7be48b504bc4f6195,K-Z,6028a3acbe48b504bc4f60fa,2021-02-14T07:05:59.426Z,2021-02-14T07:05:59.426Z
6028cbdfbe48b504bc4f6196,A,6028a3c1be48b504bc4f60fb,2021-02-14T07:06:07.445Z,2021-02-14T07:06:07.445Z
6028cbe4be48b504bc4f6197,B-C,6028a3c1be48b504bc4f60fb,2021-02-14T07:06:12.160Z,2021-02-14T07:06:12.160Z
6028cbe8be48b504bc4f6198,D-E,6028a3c1be48b504bc4f60fb,2021-02-14T07:06:16.343Z,2021-02-14T07:06:16.343Z
6028cbedbe48b504bc4f6199,F-G,6028a3c1be48b504bc4f60fb,2021-02-14T07:06:21.719Z,2021-02-14T07:06:21.719Z
6028cbf4be48b504bc4f619a,H-JN,6028a3c1be48b504bc4f60fb,2021-02-14T07:06:28.998Z,2021-02-14T07:06:28.998Z
6028cbfebe48b504bc4f619b,JOH-L,6028a3c1be48b504bc4f60fb,2021-02-14T07:06:38.805Z,2021-02-14T07:06:38.805Z
6028cc05be48b504bc4f619c,M-O,6028a3c1be48b504bc4f60fb,2021-02-14T07:06:45.359Z,2021-02-14T07:06:45.359Z
6028cc0cbe48b504bc4f619d,P-R,6028a3c1be48b504bc4f60fb,2021-02-14T07:06:52.301Z,2021-02-14T07:06:52.301Z
6028cc0fbe48b504bc4f619e,S,6028a3c1be48b504bc4f60fb,2021-02-14T07:06:55.854Z,2021-02-14T07:06:55.854Z
6028cc15be48b504bc4f619f,T-Z,6028a3c1be48b504bc4f60fb,2021-02-14T07:07:01.723Z,2021-02-14T07:07:01.723Z
6028cc24be48b504bc4f61a0,A-C,6028a3e1be48b504bc4f60fc,2021-02-14T07:07:16.795Z,2021-02-14T07:07:16.795Z
6028cc2abe48b504bc4f61a1,D-F,6028a3e1be48b504bc4f60fc,2021-02-14T07:07:22.045Z,2021-02-14T07:07:22.045Z
6028cc2fbe48b504bc4f61a2,G-J,6028a3e1be48b504bc4f60fc,2021-02-14T07:07:27.060Z,2021-02-14T07:07:27.060Z
6028cc44be48b504bc4f61a3,K-O,6028a3f5be48b504bc4f60fd,2021-02-14T07:07:48.194Z,2021-02-14T07:07:48.194Z
6028cc4abe48b504bc4f61a4,P-SP,6028a3f5be48b504bc4f60fd,2021-02-14T07:07:54.419Z,2021-02-14T07:07:54.419Z
6028cc51be48b504bc4f61a5,ST-Z,6028a3f5be48b504bc4f60fd,2021-02-14T07:08:01.354Z,2021-02-14T07:08:01.354Z
6028cc61be48b504bc4f61a6,A-G,6028a406be48b504bc4f60fe,2021-02-14T07:08:17.347Z,2021-02-14T07:08:17.347Z
6028cc67be48b504bc4f61a7,H-M,6028a406be48b504bc4f60fe,2021-02-14T07:08:23.437Z,2021-02-14T07:08:23.437Z
6028cc6dbe48b504bc4f61a8,N-Z,6028a406be48b504bc4f60fe,2021-02-14T07:08:29.412Z,2021-02-14T07:08:29.412Z
6028cc8dbe48b504bc4f61a9,A-E,6028a2c0be48b504bc4f60f1,2021-02-14T07:09:01.942Z,2021-02-14T07:09:01.942Z
6028cc93be48b504bc4f61aa,F-L,6028a2c0be48b504bc4f60f1,2021-02-14T07:09:07.258Z,2021-02-14T07:09:07.258Z
6028cc99be48b504bc4f61ab,M-Z,6028a2c0be48b504bc4f60f1,2021-02-14T07:09:13.864Z,2021-02-14T07:09:13.864Z
6028cca7be48b504bc4f61ac,A-E,6028a2d0be48b504bc4f60f2,2021-02-14T07:09:27.081Z,2021-02-14T07:09:27.081Z
6028ccacbe48b504bc4f61ad,F-K,6028a2d0be48b504bc4f60f2,2021-02-14T07:09:32.207Z,2021-02-14T07:09:32.207Z
6028ccb1be48b504bc4f61ae,L-R,6028a2d0be48b504bc4f60f2,2021-02-14T07:09:37.521Z,2021-02-14T07:09:37.521Z
6028ccb7be48b504bc4f61af,S-Z,6028a2d0be48b504bc4f60f2,2021-02-14T07:09:43.035Z,2021-02-14T07:09:43.035Z
6028ccc5be48b504bc4f61b0,A-E,6028a2e1be48b504bc4f60f3,2021-02-14T07:09:57.537Z,2021-02-14T07:09:57.537Z
6028cccabe48b504bc4f61b1,F-J,6028a2e1be48b504bc4f60f3,2021-02-14T07:10:02.583Z,2021-02-14T07:10:02.583Z
6028ccd0be48b504bc4f61b2,K-Q,6028a2e1be48b504bc4f60f3,2021-02-14T07:10:08.528Z,2021-02-14T07:10:08.528Z
6028ccd7be48b504bc4f61b3,R-Z,6028a2e1be48b504bc4f60f3,2021-02-14T07:10:15.032Z,2021-02-14T07:10:15.032Z
6028cce4be48b504bc4f61b4,A-C,6028a2f7be48b504bc4f60f4,2021-02-14T07:10:28.308Z,2021-02-14T07:10:28.308Z
6028cce8be48b504bc4f61b5,D-G,6028a2f7be48b504bc4f60f4,2021-02-14T07:10:32.779Z,2021-02-14T07:10:32.779Z
6028ccedbe48b504bc4f61b6,H-K,6028a2f7be48b504bc4f60f4,2021-02-14T07:10:37.791Z,2021-02-14T07:10:37.791Z
6028ccf4be48b504bc4f61b7,L-Q,6028a2f7be48b504bc4f60f4,2021-02-14T07:10:44.306Z,2021-02-14T07:10:44.306Z
6028ccf9be48b504bc4f61b8,R-Z,6028a2f7be48b504bc4f60f4,2021-02-14T07:10:49.071Z,2021-02-14T07:10:49.071Z
6028cd08be48b504bc4f61b9,A-CI,6028a327be48b504bc4f60f5,2021-02-14T07:11:04.566Z,2021-02-14T07:11:04.566Z
6028cd0ebe48b504bc4f61ba,CL-E,6028a327be48b504bc4f60f5,2021-02-14T07:11:10.755Z,2021-02-14T07:11:10.755Z
6028cd14be48b504bc4f61bb,F-I,6028a327be48b504bc4f60f5,2021-02-14T07:11:16.017Z,2021-02-14T07:11:16.017Z
6028cd1bbe48b504bc4f61bc,J-K,6028a327be48b504bc4f60f5,2021-02-14T07:11:23.411Z,2021-02-14T07:11:23.411Z
6028cd28be48b504bc4f61bd,L-O,6028a33dbe48b504bc4f60f6,2021-02-14T07:11:36.306Z,2021-02-14T07:11:36.306Z
6028cd30be48b504bc4f61be,P-SP,6028a33dbe48b504bc4f60f6,2021-02-14T07:11:44.190Z,2021-02-14T07:11:44.190Z
6028cd36be48b504bc4f61bf,ST-Z,6028a33dbe48b504bc4f60f6,2021-02-14T07:11:50.701Z,2021-02-14T07:11:50.701Z
6028cd47be48b504bc4f61c0,A-D,6028a352be48b504bc4f60f7,2021-02-14T07:12:07.308Z,2021-02-14T07:12:07.308Z
6028cd4dbe48b504bc4f61c1,E-I,6028a352be48b504bc4f60f7,2021-02-14T07:12:13.895Z,2021-02-14T07:12:13.895Z
6028cd54be48b504bc4f61c2,J-M,6028a352be48b504bc4f60f7,2021-02-14T07:12:20.105Z,2021-02-14T07:12:20.105Z
6028cd5abe48b504bc4f61c3,N-Z,6028a352be48b504bc4f60f7,2021-02-14T07:12:26.078Z,2021-02-14T07:12:26.078Z
6028cd78be48b504bc4f61c4,A-B,6028a21dbe48b504bc4f60ee,2021-02-14T07:12:56.645Z,2021-02-14T07:12:56.645Z
6028cd7ebe48b504bc4f61c5,C-D,6028a21dbe48b504bc4f60ee,2021-02-14T07:13:02.838Z,2021-02-14T07:13:02.838Z
6028cd86be48b504bc4f61c6,E-G,6028a21dbe48b504bc4f60ee,2021-02-14T07:13:10.722Z,2021-02-14T07:13:10.722Z
6028cd8dbe48b504bc4f61c7,H-JOR,6028a21dbe48b504bc4f60ee,2021-02-14T07:13:17.929Z,2021-02-14T07:13:17.929Z
6028cd97be48b504bc4f61c8,JOS-L,6028a21dbe48b504bc4f60ee,2021-02-14T07:13:27.041Z,2021-02-14T07:13:27.041Z
6028cd9dbe48b504bc4f61c9,M-Q,6028a21dbe48b504bc4f60ee,2021-02-14T07:13:33.255Z,2021-02-14T07:13:33.255Z
6028cda2be48b504bc4f61ca,R-Z,6028a21dbe48b504bc4f60ee,2021-02-14T07:13:38.163Z,2021-02-14T07:13:38.163Z
6028cdb6be48b504bc4f61cb,A-B,6028a22bbe48b504bc4f60ef,2021-02-14T07:13:58.118Z,2021-02-14T07:13:58.118Z
6028cdbabe48b504bc4f61cc,C-D,6028a22bbe48b504bc4f60ef,2021-02-14T07:14:02.497Z,2021-02-14T07:14:02.497Z
6028cdbfbe48b504bc4f61cd,E-F,6028a22bbe48b504bc4f60ef,2021-02-14T07:14:07.016Z,2021-02-14T07:14:07.016Z
6028cdc3be48b504bc4f61ce,G-I,6028a22bbe48b504bc4f60ef,2021-02-14T07:14:11.783Z,2021-02-14T07:14:11.783Z
6028cdc7be48b504bc4f61cf,J,6028a22bbe48b504bc4f60ef,2021-02-14T07:14:15.395Z,2021-02-14T07:14:15.395Z
6028cdcdbe48b504bc4f61d0,K-MO,6028a22bbe48b504bc4f60ef,2021-02-14T07:14:21.531Z,2021-02-14T07:14:21.531Z
6028cdd4be48b504bc4f61d1,MU-R,6028a22bbe48b504bc4f60ef,2021-02-14T07:14:28.390Z,2021-02-14T07:14:28.390Z
6028cdd6be48b504bc4f61d2,S,6028a22bbe48b504bc4f60ef,2021-02-14T07:14:30.990Z,2021-02-14T07:14:30.990Z
6028cddbbe48b504bc4f61d3,T-Z,6028a22bbe48b504bc4f60ef,2021-02-14T07:14:35.886Z,2021-02-14T07:14:35.886Z
6028cdf1be48b504bc4f61d4,A-D,6028a259be48b504bc4f60f0,2021-02-14T07:14:57.123Z,2021-02-14T07:14:57.123Z
6028cdf5be48b504bc4f61d5,E-I,6028a259be48b504bc4f60f0,2021-02-14T07:15:01.853Z,2021-02-14T07:15:01.853Z
6028cdfcbe48b504bc4f61d6,J-L,6028a259be48b504bc4f60f0,2021-02-14T07:15:08.099Z,2021-02-14T07:15:08.099Z
6028ce01be48b504bc4f61d7,M-R,6028a259be48b504bc4f60f0,2021-02-14T07:15:13.317Z,2021-02-14T07:15:13.317Z
6028ce05be48b504bc4f61d8,S-Z,6028a259be48b504bc4f60f0,2021-02-14T07:15:17.971Z,2021-02-14T07:15:17.971Z
6028ce60be48b504bc4f61d9,A-C,6028a15ebe48b504bc4f60e9,2021-02-14T07:16:48.464Z,2021-02-14T07:16:48.464Z
6028ce65be48b504bc4f61da,D-F,6028a15ebe48b504bc4f60e9,2021-02-14T07:16:53.710Z,2021-02-14T07:16:53.710Z
6028ce6cbe48b504bc4f61db,G-JOR,6028a15ebe48b504bc4f60e9,2021-02-14T07:17:00.580Z,2021-02-14T07:17:00.580Z
6028ce77be48b504bc4f61dc,JOS-O,6028a15ebe48b504bc4f60e9,2021-02-14T07:17:11.047Z,2021-02-14T07:17:11.047Z
6028ce7cbe48b504bc4f61dd,P-SO,6028a15ebe48b504bc4f60e9,2021-02-14T07:17:16.836Z,2021-02-14T07:17:16.836Z
6028ce82be48b504bc4f61de,ST-Z,6028a15ebe48b504bc4f60e9,2021-02-14T07:17:22.097Z,2021-02-14T07:17:22.097Z
6028ce98be48b504bc4f61df,A-G,6028a173be48b504bc4f60ea,2021-02-14T07:17:44.451Z,2021-02-14T07:17:44.451Z
6028ce9ebe48b504bc4f61e0,H-M,6028a173be48b504bc4f60ea,2021-02-14T07:17:50.439Z,2021-02-14T07:17:50.439Z
6028cea4be48b504bc4f61e1,N-Z,6028a173be48b504bc4f60ea,2021-02-14T07:17:56.231Z,2021-02-14T07:17:56.231Z
6028ceb6be48b504bc4f61e2,A-I,6028a1a0be48b504bc4f60eb,2021-02-14T07:18:14.008Z,2021-02-14T07:18:14.008Z
6028cebbbe48b504bc4f61e3,J-Z,6028a1a0be48b504bc4f60eb,2021-02-14T07:18:19.664Z,2021-02-14T07:18:19.664Z
6028cecabe48b504bc4f61e4,A-B,6028a1e8be48b504bc4f60ed,2021-02-14T07:18:34.505Z,2021-02-14T07:18:34.505Z
6028cecfbe48b504bc4f61e5,C-G,6028a1e8be48b504bc4f60ed,2021-02-14T07:18:39.730Z,2021-02-14T07:18:39.730Z
6028ced4be48b504bc4f61e6,H-K,6028a1e8be48b504bc4f60ed,2021-02-14T07:18:44.683Z,2021-02-14T07:18:44.683Z
6028cedabe48b504bc4f61e7,L-O,6028a1e8be48b504bc4f60ed,2021-02-14T07:18:50.131Z,2021-02-14T07:18:50.131Z
6028cedfbe48b504bc4f61e8,P-SM,6028a1e8be48b504bc4f60ed,2021-02-14T07:18:55.858Z,2021-02-14T07:18:55.858Z
6028cee5be48b504bc4f61e9,SO-Z,6028a1e8be48b504bc4f60ed,2021-02-14T07:19:01.647Z,2021-02-14T07:19:01.647Z
6028cefbbe48b504bc4f61ea,A-C,6028a1c9be48b504bc4f60ec,2021-02-14T07:19:23.067Z,2021-02-14T07:19:23.067Z
6028cf08be48b504bc4f61eb,D-G,6028a1c9be48b504bc4f60ec,2021-02-14T07:19:36.044Z,2021-02-14T07:19:36.044Z
6028cf1abe48b504bc4f61ec,H-JOH,6028a1c9be48b504bc4f60ec,2021-02-14T07:19:54.981Z,2021-02-14T07:19:54.981Z
6028cf23be48b504bc4f61ed,JON-L,6028a1c9be48b504bc4f60ec,2021-02-14T07:20:03.268Z,2021-02-14T07:20:03.268Z
6028cf28be48b504bc4f61ee,M-R,6028a1c9be48b504bc4f60ec,2021-02-14T07:20:08.137Z,2021-02-14T07:20:08.137Z
6028cf2ebe48b504bc4f61ef,S-Z,6028a1c9be48b504bc4f60ec,2021-02-14T07:20:14.464Z,2021-02-14T07:20:14.464Z
6028cf5dbe48b504bc4f61f0,A-B,5fe7b91181e77b3b405c5fb2,2021-02-14T07:21:01.890Z,2021-02-14T07:21:01.890Z
6028cf62be48b504bc4f61f1,C-E,5fe7b91181e77b3b405c5fb2,2021-02-14T07:21:06.654Z,2021-02-14T07:21:06.654Z
6028cf69be48b504bc4f61f2,F-H,5fe7b91181e77b3b405c5fb2,2021-02-14T07:21:13.050Z,2021-02-14T07:21:13.050Z
6028cf6ebe48b504bc4f61f3,I-K,5fe7b91181e77b3b405c5fb2,2021-02-14T07:21:18.550Z,2021-02-14T07:21:18.550Z
6028cf73be48b504bc4f61f4,L-O,5fe7b91181e77b3b405c5fb2,2021-02-14T07:21:23.746Z,2021-02-14T07:21:23.746Z
6028cf7cbe48b504bc4f61f5,P-SM,5fe7b91181e77b3b405c5fb2,2021-02-14T07:21:32.404Z,2021-02-14T07:21:32.404Z
6028cf82be48b504bc4f61f6,SO-Z,5fe7b91181e77b3b405c5fb2,2021-02-14T07:21:38.108Z,2021-02-14T07:21:38.108Z
6028cf90be48b504bc4f61f7,A-C,60289608be48b504bc4f60b2,2021-02-14T07:21:52.449Z,2021-02-14T07:21:52.449Z
6028cf95be48b504bc4f61f8,D-I,60289608be48b504bc4f60b2,2021-02-14T07:21:57.478Z,2021-02-14T07:21:57.478Z
6028cf9bbe48b504bc4f61f9,J-L,60289608be48b504bc4f60b2,2021-02-14T07:22:03.044Z,2021-02-14T07:22:03.044Z
6028cfa0be48b504bc4f61fa,M-P,60289608be48b504bc4f60b2,2021-02-14T07:22:08.238Z,2021-02-14T07:22:08.238Z
6028cfa4be48b504bc4f61fb,Q-Z,60289608be48b504bc4f60b2,2021-02-14T07:22:12.930Z,2021-02-14T07:22:12.930Z
6028cfbbbe48b504bc4f61fc,A-E,6028961fbe48b504bc4f60b3,2021-02-14T07:22:35.028Z,2021-02-14T07:22:35.028Z
6028cfc2be48b504bc4f61fd,F-J,6028961fbe48b504bc4f60b3,2021-02-14T07:22:42.776Z,2021-02-14T07:22:42.776Z
6028cfc7be48b504bc4f61fe,L-Z,6028961fbe48b504bc4f60b3,2021-02-14T07:22:47.962Z,2021-02-14T07:22:47.962Z
6028cfdabe48b504bc4f61ff,A-I,6028964ebe48b504bc4f60b4,2021-02-14T07:23:06.916Z,2021-02-14T07:23:06.916Z
6028cfe1be48b504bc4f6200,J-Z,6028964ebe48b504bc4f60b4,2021-02-14T07:23:13.659Z,2021-02-14T07:23:13.659Z
6028cfedbe48b504bc4f6201,A-Z,60289662be48b504bc4f60b5,2021-02-14T07:23:25.439Z,2021-02-14T07:23:25.439Z
6028d007be48b504bc4f6202,A-JN,6028973ebe48b504bc4f60b6,2021-02-14T07:23:51.636Z,2021-02-14T07:23:51.636Z
6028d00fbe48b504bc4f6203,JO-Z,6028973ebe48b504bc4f60b6,2021-02-14T07:23:59.791Z,2021-02-14T07:23:59.791Z
6028d01abe48b504bc4f6204,A-I,60289776be48b504bc4f60b7,2021-02-14T07:24:10.640Z,2021-02-14T07:24:10.640Z
6028d022be48b504bc4f6205,J-Z,60289776be48b504bc4f60b7,2021-02-14T07:24:18.145Z,2021-02-14T07:24:18.145Z
6028d0babe48b504bc4f6206,A-E,60289870be48b504bc4f60b8,2021-02-14T07:26:50.493Z,2021-02-14T07:26:50.493Z
6028d0c0be48b504bc4f6207,F-K,60289870be48b504bc4f60b8,2021-02-14T07:26:56.800Z,2021-02-14T07:26:56.800Z
6028d0cbbe48b504bc4f6208,L-M,60289870be48b504bc4f60b8,2021-02-14T07:27:07.132Z,2021-02-14T07:27:07.132Z
6028d0d8be48b504bc4f6209,S-Q,60289870be48b504bc4f60b8,2021-02-14T07:27:20.122Z,2021-02-14T07:27:20.122Z
6028d0e6be48b504bc4f620a,A-E,60289882be48b504bc4f60b9,2021-02-14T07:27:34.531Z,2021-02-14T07:27:34.531Z
6028d0ebbe48b504bc4f620b,F-L,60289882be48b504bc4f60b9,2021-02-14T07:27:39.590Z,2021-02-14T07:27:39.590Z
6028d0f2be48b504bc4f620c,M-Z,60289882be48b504bc4f60b9,2021-02-14T07:27:46.105Z,2021-02-14T07:27:46.105Z
6028d0febe48b504bc4f620d,A-E,5fe7991481e77b3b405c5fab,2021-02-14T07:27:58.733Z,2021-02-14T07:27:58.733Z
6028d103be48b504bc4f620e,F-L,5fe7991481e77b3b405c5fab,2021-02-14T07:28:03.535Z,2021-02-14T07:28:03.535Z
6028d108be48b504bc4f620f,M-R,5fe7991481e77b3b405c5fab,2021-02-14T07:28:08.750Z,2021-02-14T07:28:08.750Z
6028d10dbe48b504bc4f6210,S-Z,5fe7991481e77b3b405c5fab,2021-02-14T07:28:13.211Z,2021-02-14T07:28:13.211Z
6028d11cbe48b504bc4f6211,A-I,60289899be48b504bc4f60ba,2021-02-14T07:28:28.039Z,2021-02-14T07:28:28.039Z
6028d121be48b504bc4f6212,J-Z,60289899be48b504bc4f60ba,2021-02-14T07:28:33.333Z,2021-02-14T07:28:33.333Z
6028d136be48b504bc4f6213,A-E,602898adbe48b504bc4f60bb,2021-02-14T07:28:54.421Z,2021-02-14T07:28:54.421Z
6028d13dbe48b504bc4f6214,F-L,602898adbe48b504bc4f60bb,2021-02-14T07:29:01.507Z,2021-02-14T07:29:01.507Z
6028d143be48b504bc4f6215,M-Z,602898adbe48b504bc4f60bb,2021-02-14T07:29:07.755Z,2021-02-14T07:29:07.755Z
6028d186be48b504bc4f6216,A-Z,602898bdbe48b504bc4f60bc,2021-02-14T07:30:14.893Z,2021-02-14T07:30:14.893Z
6028d196be48b504bc4f6217,A-F,602898d5be48b504bc4f60bd,2021-02-14T07:30:30.666Z,2021-02-14T07:30:30.666Z
6028d19cbe48b504bc4f6218,G-M,602898d5be48b504bc4f60bd,2021-02-14T07:30:36.093Z,2021-02-14T07:30:36.093Z
6028d1a1be48b504bc4f6219,N-Z,602898d5be48b504bc4f60bd,2021-02-14T07:30:41.780Z,2021-02-14T07:30:41.780Z
6028d1cbbe48b504bc4f621a,A-F,602898e4be48b504bc4f60be,2021-02-14T07:31:23.084Z,2021-02-14T07:31:23.084Z
6028d1d0be48b504bc4f621b,G-R,602898e4be48b504bc4f60be,2021-02-14T07:31:28.335Z,2021-02-14T07:31:28.335Z
6028d1d4be48b504bc4f621c,S-Z,602898e4be48b504bc4f60be,2021-02-14T07:31:32.974Z,2021-02-14T07:31:32.974Z
6028d1e1be48b504bc4f621d,A-JN,602898f7be48b504bc4f60bf,2021-02-14T07:31:45.263Z,2021-02-14T07:31:45.263Z
6028d1e8be48b504bc4f621e,JO-Z,602898f7be48b504bc4f60bf,2021-02-14T07:31:52.076Z,2021-02-14T07:31:52.076Z
6028d217be48b504bc4f621f,A-B,6028a0d1be48b504bc4f60e4,2021-02-14T07:32:39.483Z,2021-02-14T07:32:39.483Z
6028d21cbe48b504bc4f6220,C-D,6028a0d1be48b504bc4f60e4,2021-02-14T07:32:44.173Z,2021-02-14T07:32:44.173Z
6028d221be48b504bc4f6221,E-I,6028a0d1be48b504bc4f60e4,2021-02-14T07:32:49.154Z,2021-02-14T07:32:49.154Z
6028d226be48b504bc4f6222,J-K,6028a0d1be48b504bc4f60e4,2021-02-14T07:32:54.322Z,2021-02-14T07:32:54.322Z
6028d22dbe48b504bc4f6223,L-P,6028a0d1be48b504bc4f60e4,2021-02-14T07:33:01.303Z,2021-02-14T07:33:01.303Z
6028d234be48b504bc4f6224,Q-Z,6028a0d1be48b504bc4f60e4,2021-02-14T07:33:08.697Z,2021-02-14T07:33:08.697Z
6028d243be48b504bc4f6225,A-C,6028a0dfbe48b504bc4f60e5,2021-02-14T07:33:23.709Z,2021-02-14T07:33:23.709Z
6028d24abe48b504bc4f6226,D-I,6028a0dfbe48b504bc4f60e5,2021-02-14T07:33:30.082Z,2021-02-14T07:33:30.082Z
6028d24fbe48b504bc4f6227,J-L,6028a0dfbe48b504bc4f60e5,2021-02-14T07:33:35.176Z,2021-02-14T07:33:35.176Z
6028d254be48b504bc4f6228,M-R,6028a0dfbe48b504bc4f60e5,2021-02-14T07:33:40.076Z,2021-02-14T07:33:40.076Z
6028d25bbe48b504bc4f6229,S-Z,6028a0dfbe48b504bc4f60e5,2021-02-14T07:33:47.440Z,2021-02-14T07:33:47.440Z
6028d268be48b504bc4f622a,A-G,6028a0f1be48b504bc4f60e6,2021-02-14T07:34:00.967Z,2021-02-14T07:34:00.967Z
6028d26ebe48b504bc4f622b,H-L,6028a0f1be48b504bc4f60e6,2021-02-14T07:34:06.333Z,2021-02-14T07:34:06.333Z
6028d274be48b504bc4f622c,M-Z,6028a0f1be48b504bc4f60e6,2021-02-14T07:34:12.523Z,2021-02-14T07:34:12.523Z
6028d288be48b504bc4f622d,A-I,6028a10abe48b504bc4f60e7,2021-02-14T07:34:32.042Z,2021-02-14T07:34:32.042Z
6028d2a0be48b504bc4f622e,J-Z,6028a10abe48b504bc4f60e7,2021-02-14T07:34:56.649Z,2021-02-14T07:34:56.649Z
6028d2d9be48b504bc4f622f,A-K,6028a123be48b504bc4f60e8,2021-02-14T07:35:53.951Z,2021-02-14T07:35:53.951Z
6028d2e1be48b504bc4f6230,L-Z,6028a123be48b504bc4f60e8,2021-02-14T07:36:01.304Z,2021-02-14T07:36:01.304Z
6028d321be48b504bc4f6231,A-C,6028a03abe48b504bc4f60e0,2021-02-14T07:37:05.071Z,2021-02-14T07:37:05.071Z
6028d325be48b504bc4f6232,D-G,6028a03abe48b504bc4f60e0,2021-02-14T07:37:09.674Z,2021-02-14T07:37:09.674Z
6028d32cbe48b504bc4f6233,H-K,6028a03abe48b504bc4f60e0,2021-02-14T07:37:16.097Z,2021-02-14T07:37:16.097Z
6028d331be48b504bc4f6234,L-O,6028a03abe48b504bc4f60e0,2021-02-14T07:37:21.661Z,2021-02-14T07:37:21.661Z
6028d337be48b504bc4f6235,P-Q,6028a03abe48b504bc4f60e0,2021-02-14T07:37:27.073Z,2021-02-14T07:37:27.073Z
6028d33cbe48b504bc4f6236,R-Z,6028a03abe48b504bc4f60e0,2021-02-14T07:37:32.540Z,2021-02-14T07:37:32.540Z
6028d346be48b504bc4f6237,A-D,6028a047be48b504bc4f60e1,2021-02-14T07:37:42.076Z,2021-02-14T07:37:42.076Z
6028d34bbe48b504bc4f6238,E-I,6028a047be48b504bc4f60e1,2021-02-14T07:37:47.786Z,2021-02-14T07:37:47.786Z
6028d351be48b504bc4f6239,J-L,6028a047be48b504bc4f60e1,2021-02-14T07:37:53.748Z,2021-02-14T07:37:53.748Z
6028d357be48b504bc4f623a,M-Q,6028a047be48b504bc4f60e1,2021-02-14T07:37:59.757Z,2021-02-14T07:37:59.757Z
6028d35cbe48b504bc4f623b,R-Z,6028a047be48b504bc4f60e1,2021-02-14T07:38:04.609Z,2021-02-14T07:38:04.609Z
6028d377be48b504bc4f623c,A-B,6028a05bbe48b504bc4f60e2,2021-02-14T07:38:31.742Z,2021-02-14T07:38:31.742Z
6028d37dbe48b504bc4f623d,C-D,6028a05bbe48b504bc4f60e2,2021-02-14T07:38:37.799Z,2021-02-14T07:38:37.799Z
6028d382be48b504bc4f623e,E-F,6028a05bbe48b504bc4f60e2,2021-02-14T07:38:42.416Z,2021-02-14T07:38:42.416Z
6028d398be48b504bc4f623f,G-JI,6028a05bbe48b504bc4f60e2,2021-02-14T07:39:04.467Z,2021-02-14T07:39:04.467Z
6028d3a3be48b504bc4f6240,JN-L,6028a05bbe48b504bc4f60e2,2021-02-14T07:39:15.238Z,2021-02-14T07:39:15.238Z
6028d3a8be48b504bc4f6241,M-O,6028a05bbe48b504bc4f60e2,2021-02-14T07:39:20.814Z,2021-02-14T07:39:20.814Z
6028d3aebe48b504bc4f6242,P-SM,6028a05bbe48b504bc4f60e2,2021-02-14T07:39:26.549Z,2021-02-14T07:39:26.549Z
6028d3b5be48b504bc4f6243,SO-Z,6028a05bbe48b504bc4f60e2,2021-02-14T07:39:33.279Z,2021-02-14T07:39:33.279Z
6028d42bbe48b504bc4f6244,A-E,6028a07abe48b504bc4f60e3,2021-02-14T07:41:31.872Z,2021-02-14T07:41:31.872Z
6028d436be48b504bc4f6245,F-JN,6028a07abe48b504bc4f60e3,2021-02-14T07:41:42.806Z,2021-02-14T07:41:42.806Z
6028d43ebe48b504bc4f6246,JO-N,6028a07abe48b504bc4f60e3,2021-02-14T07:41:50.083Z,2021-02-14T07:41:50.083Z
6028d444be48b504bc4f6247,O-Z,6028a07abe48b504bc4f60e3,2021-02-14T07:41:56.123Z,2021-02-14T07:41:56.123Z
6028d4c8be48b504bc4f6248,A-Z,60289effbe48b504bc4f60dc,2021-02-14T07:44:08.616Z,2021-02-14T07:44:08.616Z
6028d4dabe48b504bc4f6249,A-CE,60289f0dbe48b504bc4f60dd,2021-02-14T07:44:26.009Z,2021-02-14T07:44:26.009Z
6028d4e5be48b504bc4f624a,CH-D,60289f0dbe48b504bc4f60dd,2021-02-14T07:44:37.140Z,2021-02-14T07:44:37.140Z
6028d4ecbe48b504bc4f624b,E-G,60289f0dbe48b504bc4f60dd,2021-02-14T07:44:44.241Z,2021-02-14T07:44:44.241Z
6028d4f2be48b504bc4f624c,H-JN,60289f0dbe48b504bc4f60dd,2021-02-14T07:44:50.357Z,2021-02-14T07:44:50.357Z
6028d4fbbe48b504bc4f624d,JO-L,60289f0dbe48b504bc4f60dd,2021-02-14T07:44:59.452Z,2021-02-14T07:44:59.452Z
6028d50fbe48b504bc4f624e,M-O,60289f0dbe48b504bc4f60dd,2021-02-14T07:45:19.237Z,2021-02-14T07:45:19.237Z
6028d519be48b504bc4f624f,P-SM,60289f0dbe48b504bc4f60dd,2021-02-14T07:45:29.169Z,2021-02-14T07:45:29.169Z
6028d523be48b504bc4f6250,SO-Z,60289f0dbe48b504bc4f60dd,2021-02-14T07:45:39.317Z,2021-02-14T07:45:39.317Z
6028d54dbe48b504bc4f6251,A-E,60289f20be48b504bc4f60de,2021-02-14T07:46:21.241Z,2021-02-14T07:46:21.241Z
6028d555be48b504bc4f6252,F-L,60289f20be48b504bc4f60de,2021-02-14T07:46:29.062Z,2021-02-14T07:46:29.062Z
6028d560be48b504bc4f6253,M-P,60289f20be48b504bc4f60de,2021-02-14T07:46:40.327Z,2021-02-14T07:46:40.327Z
6028d566be48b504bc4f6254,Q-Z,60289f20be48b504bc4f60de,2021-02-14T07:46:46.785Z,2021-02-14T07:46:46.785Z
6028d574be48b504bc4f6255,A-CH,60289f35be48b504bc4f60df,2021-02-14T07:47:00.120Z,2021-02-14T07:47:00.120Z
6028d57dbe48b504bc4f6256,CL-I,60289f35be48b504bc4f60df,2021-02-14T07:47:09.032Z,2021-02-14T07:47:09.032Z
6028d584be48b504bc4f6257,J-O,60289f35be48b504bc4f60df,2021-02-14T07:47:16.459Z,2021-02-14T07:47:16.459Z
6028d58abe48b504bc4f6258,P-Z,60289f35be48b504bc4f60df,2021-02-14T07:47:22.482Z,2021-02-14T07:47:22.482Z
6028d5abbe48b504bc4f6259,A-I,60289cf9be48b504bc4f60d5,2021-02-14T07:47:55.122Z,2021-02-14T07:47:55.122Z
6028d5b0be48b504bc4f625a,J-Z,60289cf9be48b504bc4f60d5,2021-02-14T07:48:00.940Z,2021-02-14T07:48:00.940Z
6028d5ccbe48b504bc4f625b,A-B,60289d10be48b504bc4f60d6,2021-02-14T07:48:28.692Z,2021-02-14T07:48:28.692Z
6028d5d4be48b504bc4f625c,C-I,60289d10be48b504bc4f60d6,2021-02-14T07:48:36.070Z,2021-02-14T07:48:36.070Z
6028d5d9be48b504bc4f625d,J-N,60289d10be48b504bc4f60d6,2021-02-14T07:48:41.693Z,2021-02-14T07:48:41.693Z
6028d5dfbe48b504bc4f625e,O-Z,60289d10be48b504bc4f60d6,2021-02-14T07:48:47.103Z,2021-02-14T07:48:47.103Z
6028d5ecbe48b504bc4f625f,A-Z,60289d47be48b504bc4f60d8,2021-02-14T07:49:00.668Z,2021-02-14T07:49:00.668Z
6028d5f9be48b504bc4f6260,A-I,60289e96be48b504bc4f60d9,2021-02-14T07:49:13.801Z,2021-02-14T07:49:13.801Z
6028d603be48b504bc4f6261,J-Z,60289e96be48b504bc4f60d9,2021-02-14T07:49:23.507Z,2021-02-14T07:49:23.507Z
6028d61ebe48b504bc4f6262,A-D,60289eb0be48b504bc4f60da,2021-02-14T07:49:50.716Z,2021-02-14T07:49:50.716Z
6028d626be48b504bc4f6263,E-I,60289eb0be48b504bc4f60da,2021-02-14T07:49:58.545Z,2021-02-14T07:49:58.545Z
6028d630be48b504bc4f6264,J-MA,60289eb0be48b504bc4f60da,2021-02-14T07:50:08.746Z,2021-02-14T07:50:08.746Z
6028d638be48b504bc4f6265,MC-SP,60289eb0be48b504bc4f60da,2021-02-14T07:50:16.375Z,2021-02-14T07:50:16.375Z
6028d63fbe48b504bc4f6266,ST-Z,60289eb0be48b504bc4f60da,2021-02-14T07:50:23.569Z,2021-02-14T07:50:23.569Z
6028d64ebe48b504bc4f6267,A-E,60289ed4be48b504bc4f60db,2021-02-14T07:50:38.164Z,2021-02-14T07:50:38.164Z
6028d653be48b504bc4f6268,F-J,60289ed4be48b504bc4f60db,2021-02-14T07:50:43.864Z,2021-02-14T07:50:43.864Z
6028d65cbe48b504bc4f6269,K-PA,60289ed4be48b504bc4f60db,2021-02-14T07:50:52.952Z,2021-02-14T07:50:52.952Z
6028d663be48b504bc4f626a,PE-Z,60289ed4be48b504bc4f60db,2021-02-14T07:50:59.316Z,2021-02-14T07:50:59.316Z
6028d69abe48b504bc4f626b,A-Z,60289c55be48b504bc4f60d0,2021-02-14T07:51:54.517Z,2021-02-14T07:51:54.517Z
6028d6a5be48b504bc4f626c,A-E,60289c68be48b504bc4f60d1,2021-02-14T07:52:05.963Z,2021-02-14T07:52:05.963Z
6028d6abbe48b504bc4f626d,F-JN,60289c68be48b504bc4f60d1,2021-02-14T07:52:11.586Z,2021-02-14T07:52:11.586Z
6028d6b3be48b504bc4f626e,JO-M,60289c68be48b504bc4f60d1,2021-02-14T07:52:19.902Z,2021-02-14T07:52:19.902Z
6028d6c7be48b504bc4f626f,N-SM,60289c68be48b504bc4f60d1,2021-02-14T07:52:39.840Z,2021-02-14T07:52:39.840Z
6028d6cdbe48b504bc4f6270,SO-Z,60289c68be48b504bc4f60d1,2021-02-14T07:52:45.385Z,2021-02-14T07:52:45.385Z
6028d707be48b504bc4f6271,A-C,60289c78be48b504bc4f60d2,2021-02-14T07:53:43.378Z,2021-02-14T07:53:43.378Z
6028d70dbe48b504bc4f6272,D-I,60289c78be48b504bc4f60d2,2021-02-14T07:53:49.097Z,2021-02-14T07:53:49.097Z
6028d715be48b504bc4f6273,J-L,60289c78be48b504bc4f60d2,2021-02-14T07:53:57.035Z,2021-02-14T07:53:57.035Z
6028d71cbe48b504bc4f6274,M-R,60289c78be48b504bc4f60d2,2021-02-14T07:54:04.898Z,2021-02-14T07:54:04.898Z
6028d723be48b504bc4f6275,S-Z,60289c78be48b504bc4f60d2,2021-02-14T07:54:11.662Z,2021-02-14T07:54:11.662Z
6028d735be48b504bc4f6276,A-C,60289c8fbe48b504bc4f60d3,2021-02-14T07:54:29.908Z,2021-02-14T07:54:29.908Z
6028d73abe48b504bc4f6277,D-I,60289c8fbe48b504bc4f60d3,2021-02-14T07:54:34.560Z,2021-02-14T07:54:34.560Z
6028d741be48b504bc4f6278,J-L,60289c8fbe48b504bc4f60d3,2021-02-14T07:54:41.583Z,2021-02-14T07:54:41.583Z
6028d746be48b504bc4f6279,M-Z,60289c8fbe48b504bc4f60d3,2021-02-14T07:54:46.956Z,2021-02-14T07:54:46.956Z
6028d750be48b504bc4f627a,A-C,60289c9fbe48b504bc4f60d4,2021-02-14T07:54:56.949Z,2021-02-14T07:54:56.949Z
6028d756be48b504bc4f627b,D-G,60289c9fbe48b504bc4f60d4,2021-02-14T07:55:02.335Z,2021-02-14T07:55:02.335Z
6028d75cbe48b504bc4f627c,H-MA,60289c9fbe48b504bc4f60d4,2021-02-14T07:55:08.323Z,2021-02-14T07:55:08.323Z
6028d762be48b504bc4f627d,MC-R,60289c9fbe48b504bc4f60d4,2021-02-14T07:55:14.071Z,2021-02-14T07:55:14.071Z
6028d767be48b504bc4f627e,S-Z,60289c9fbe48b504bc4f60d4,2021-02-14T07:55:19.788Z,2021-02-14T07:55:19.788Z
6028d79bbe48b504bc4f627f,A-E,60289b96be48b504bc4f60cd,2021-02-14T07:56:11.642Z,2021-02-14T07:56:11.642Z
6028d7a2be48b504bc4f6280,F-L,60289b96be48b504bc4f60cd,2021-02-14T07:56:18.217Z,2021-02-14T07:56:18.217Z
6028d7a7be48b504bc4f6281,M-Z,60289b96be48b504bc4f60cd,2021-02-14T07:56:23.374Z,2021-02-14T07:56:23.374Z
6028d7b5be48b504bc4f6282,A-C,60289babbe48b504bc4f60ce,2021-02-14T07:56:37.876Z,2021-02-14T07:56:37.876Z
6028d7bbbe48b504bc4f6283,D-E,60289babbe48b504bc4f60ce,2021-02-14T07:56:43.167Z,2021-02-14T07:56:43.167Z
6028d7c0be48b504bc4f6284,F-G,60289babbe48b504bc4f60ce,2021-02-14T07:56:48.220Z,2021-02-14T07:56:48.220Z
6028d7c5be48b504bc4f6285,H-K,60289babbe48b504bc4f60ce,2021-02-14T07:56:53.748Z,2021-02-14T07:56:53.748Z
6028d7cabe48b504bc4f6286,L-O,60289babbe48b504bc4f60ce,2021-02-14T07:56:58.948Z,2021-02-14T07:56:58.948Z
6028d7cfbe48b504bc4f6287,P-R,60289babbe48b504bc4f60ce,2021-02-14T07:57:03.763Z,2021-02-14T07:57:03.763Z
6028d7d4be48b504bc4f6288,S-Z,60289babbe48b504bc4f60ce,2021-02-14T07:57:08.644Z,2021-02-14T07:57:08.644Z
6028d7e1be48b504bc4f6289,A-E,60289bbfbe48b504bc4f60cf,2021-02-14T07:57:21.609Z,2021-02-14T07:57:21.609Z
6028d7e6be48b504bc4f628a,F-J,60289bbfbe48b504bc4f60cf,2021-02-14T07:57:26.536Z,2021-02-14T07:57:26.536Z
6028d7ebbe48b504bc4f628b,K-R,60289bbfbe48b504bc4f60cf,2021-02-14T07:57:31.967Z,2021-02-14T07:57:31.967Z
6028d7f1be48b504bc4f628c,S-Z,60289bbfbe48b504bc4f60cf,2021-02-14T07:57:37.911Z,2021-02-14T07:57:37.911Z
6028d814be48b504bc4f628d,A-D,60289abbbe48b504bc4f60c8,2021-02-14T07:58:12.891Z,2021-02-14T07:58:12.891Z
6028d81bbe48b504bc4f628e,E-G,60289abbbe48b504bc4f60c8,2021-02-14T07:58:19.199Z,2021-02-14T07:58:19.199Z
6028d823be48b504bc4f628f,H-MO,60289abbbe48b504bc4f60c8,2021-02-14T07:58:27.190Z,2021-02-14T07:58:27.190Z
6028d829be48b504bc4f6290,MY-Z,60289abbbe48b504bc4f60c8,2021-02-14T07:58:33.740Z,2021-02-14T07:58:33.740Z
6028d837be48b504bc4f6291,A-D,60289acfbe48b504bc4f60c9,2021-02-14T07:58:47.558Z,2021-02-14T07:58:47.558Z
6028d83ebe48b504bc4f6292,E-JON,60289acfbe48b504bc4f60c9,2021-02-14T07:58:54.438Z,2021-02-14T07:58:54.438Z
6028d848be48b504bc4f6293,JOS-Z,60289acfbe48b504bc4f60c9,2021-02-14T07:59:04.748Z,2021-02-14T07:59:04.748Z
6028d859be48b504bc4f6294,A-C,60289ae2be48b504bc4f60ca,2021-02-14T07:59:21.569Z,2021-02-14T07:59:21.569Z
6028d85fbe48b504bc4f6295,D-FO,60289ae2be48b504bc4f60ca,2021-02-14T07:59:27.873Z,2021-02-14T07:59:27.873Z
6028d868be48b504bc4f6296,FR-JOH,60289ae2be48b504bc4f60ca,2021-02-14T07:59:36.826Z,2021-02-14T07:59:36.826Z
6028d871be48b504bc4f6297,JOS-P,60289ae2be48b504bc4f60ca,2021-02-14T07:59:45.934Z,2021-02-14T07:59:45.934Z
6028d877be48b504bc4f6298,Q-Z,60289ae2be48b504bc4f60ca,2021-02-14T07:59:51.243Z,2021-02-14T07:59:51.243Z
6028d887be48b504bc4f6299,A-F,60289b07be48b504bc4f60cb,2021-02-14T08:00:07.192Z,2021-02-14T08:00:07.192Z
6028d88cbe48b504bc4f629a,G-J,60289b07be48b504bc4f60cb,2021-02-14T08:00:12.736Z,2021-02-14T08:00:12.736Z
6028d892be48b504bc4f629b,K-Z,60289b07be48b504bc4f60cb,2021-02-14T08:00:18.823Z,2021-02-14T08:00:18.823Z
6028d89bbe48b504bc4f629c,A-C,60289b19be48b504bc4f60cc,2021-02-14T08:00:27.670Z,2021-02-14T08:00:27.670Z
6028d8a0be48b504bc4f629d,D-G,60289b19be48b504bc4f60cc,2021-02-14T08:00:32.740Z,2021-02-14T08:00:32.740Z
6028d8a6be48b504bc4f629e,H-L,60289b19be48b504bc4f60cc,2021-02-14T08:00:38.746Z,2021-02-14T08:00:38.746Z
6028d8adbe48b504bc4f629f,M-R,60289b19be48b504bc4f60cc,2021-02-14T08:00:45.920Z,2021-02-14T08:00:45.920Z
6028d8b1be48b504bc4f62a0,S-Z,60289b19be48b504bc4f60cc,2021-02-14T08:00:49.740Z,2021-02-14T08:00:49.740Z
6028d8cdbe48b504bc4f62a1,A-B,60289947be48b504bc4f60c0,2021-02-14T08:01:17.254Z,2021-02-14T08:01:17.254Z
6028d8d1be48b504bc4f62a2,C-E,60289947be48b504bc4f60c0,2021-02-14T08:01:21.599Z,2021-02-14T08:01:21.599Z
6028d8d6be48b504bc4f62a3,F-I,60289947be48b504bc4f60c0,2021-02-14T08:01:26.616Z,2021-02-14T08:01:26.616Z
6028d8dbbe48b504bc4f62a4,J-L,60289947be48b504bc4f60c0,2021-02-14T08:01:31.907Z,2021-02-14T08:01:31.907Z
6028d8e4be48b504bc4f62a5,M-P,60289947be48b504bc4f60c0,2021-02-14T08:01:40.719Z,2021-02-14T08:01:40.719Z
6028d8e9be48b504bc4f62a6,Q-Z,60289947be48b504bc4f60c0,2021-02-14T08:01:45.120Z,2021-02-14T08:01:45.120Z
6028d8f6be48b504bc4f62a7,A-D,6028995cbe48b504bc4f60c1,2021-02-14T08:01:58.798Z,2021-02-14T08:01:58.798Z
6028d8fbbe48b504bc4f62a8,E-I,6028995cbe48b504bc4f60c1,2021-02-14T08:02:03.390Z,2021-02-14T08:02:03.390Z
6028d901be48b504bc4f62a9,J-L,6028995cbe48b504bc4f60c1,2021-02-14T08:02:09.831Z,2021-02-14T08:02:09.831Z
6028d907be48b504bc4f62aa,M-R,6028995cbe48b504bc4f60c1,2021-02-14T08:02:15.131Z,2021-02-14T08:02:15.131Z
6028d90bbe48b504bc4f62ab,S-Z,6028995cbe48b504bc4f60c1,2021-02-14T08:02:19.560Z,2021-02-14T08:02:19.560Z
6028d91fbe48b504bc4f62ac,A-C,6028996fbe48b504bc4f60c2,2021-02-14T08:02:39.614Z,2021-02-14T08:02:39.614Z
6028d924be48b504bc4f62ad,D-E,6028996fbe48b504bc4f60c2,2021-02-14T08:02:44.252Z,2021-02-14T08:02:44.252Z
6028d929be48b504bc4f62ae,F-JN,6028996fbe48b504bc4f60c2,2021-02-14T08:02:49.261Z,2021-02-14T08:02:49.261Z
6028d933be48b504bc4f62af,JO-M,6028996fbe48b504bc4f60c2,2021-02-14T08:02:59.398Z,2021-02-14T08:02:59.398Z
6028d939be48b504bc4f62b0,N-R,6028996fbe48b504bc4f60c2,2021-02-14T08:03:05.203Z,2021-02-14T08:03:05.203Z
6028d93dbe48b504bc4f62b1,S-Z,6028996fbe48b504bc4f60c2,2021-02-14T08:03:09.575Z,2021-02-14T08:03:09.575Z
6028d954be48b504bc4f62b2,A-C,60289989be48b504bc4f60c3,2021-02-14T08:03:32.959Z,2021-02-14T08:03:32.959Z
6028d95abe48b504bc4f62b3,D-I,60289989be48b504bc4f60c3,2021-02-14T08:03:38.326Z,2021-02-14T08:03:38.326Z
6028d95fbe48b504bc4f62b4,J-M,60289989be48b504bc4f60c3,2021-02-14T08:03:43.670Z,2021-02-14T08:03:43.670Z
6028d966be48b504bc4f62b5,N-Z,60289989be48b504bc4f60c3,2021-02-14T08:03:50.367Z,2021-02-14T08:03:50.367Z
6028d976be48b504bc4f62b6,A-CHAR,60289998be48b504bc4f60c4,2021-02-14T08:04:06.982Z,2021-02-14T08:04:06.982Z
6028d97dbe48b504bc4f62b7,CHAS-FE,60289998be48b504bc4f60c4,2021-02-14T08:04:13.613Z,2021-02-14T08:04:13.613Z
6028d985be48b504bc4f62b8,FI-JON,60289998be48b504bc4f60c4,2021-02-14T08:04:21.190Z,2021-02-14T08:04:21.190Z
6028d98dbe48b504bc4f62b9,JOS-O,60289998be48b504bc4f60c4,2021-02-14T08:04:29.687Z,2021-02-14T08:04:29.687Z
6028d992be48b504bc4f62ba,P-Z,60289998be48b504bc4f60c4,2021-02-14T08:04:34.564Z,2021-02-14T08:04:34.564Z
6028d9a5be48b504bc4f62bb,A-E,602899c6be48b504bc4f60c5,2021-02-14T08:04:53.544Z,2021-02-14T08:04:53.544Z
6028d9aabe48b504bc4f62bc,F-L,602899c6be48b504bc4f60c5,2021-02-14T08:04:58.666Z,2021-02-14T08:04:58.666Z
6028d9b2be48b504bc4f62bd,M-Z,602899c6be48b504bc4f60c5,2021-02-14T08:05:06.309Z,2021-02-14T08:05:06.309Z
6028d9bbbe48b504bc4f62be,A-Z,602899e0be48b504bc4f60c6,2021-02-14T08:05:15.668Z,2021-02-14T08:05:15.668Z
6028d9c5be48b504bc4f62bf,A-C,602899fabe48b504bc4f60c7,2021-02-14T08:05:25.804Z,2021-02-14T08:05:25.804Z
6028d9d1be48b504bc4f62c0,D-G,602899fabe48b504bc4f60c7,2021-02-14T08:05:37.452Z,2021-02-14T08:05:37.452Z
6028d9d9be48b504bc4f62c1,H-JOR,602899fabe48b504bc4f60c7,2021-02-14T08:05:45.621Z,2021-02-14T08:05:45.621Z
6028d9e2be48b504bc4f62c2,JOS-L,602899fabe48b504bc4f60c7,2021-02-14T08:05:54.665Z,2021-02-14T08:05:54.665Z
6028d9e8be48b504bc4f62c3,M-P,602899fabe48b504bc4f60c7,2021-02-14T08:06:00.557Z,2021-02-14T08:06:00.557Z
6028d9ecbe48b504bc4f62c4,Q-Z,602899fabe48b504bc4f60c7,2021-02-14T08:06:04.823Z,2021-02-14T08:06:04.823Z