_id,comments,createdAt,district,dob,gender,name,party,updatedAt
5fe91d086659f903e4e79fa1,"",2020-12-27T23:47:20.932Z,5fcb2af7bd66d830e82d61ef,,Male,Herod Stanislaus,5fcb20aabd66d830e82d61ee,2021-01-31T23:48:23.053Z
5ffb63e4855b0d3d58f80046,"",2021-01-10T20:30:28.328Z,60172324d7a5c51dc8e3ef19,1964-03-13T00:00:00.000Z,Male,Philip Joseph Pierre,5fe903c481e77b3b405c5fb4,2021-01-31T21:41:46.163Z
60171d13d7a5c51dc8e3ef0d,"",2021-01-31T21:11:47.821Z,60171762d7a5c51dc8e3eefe,,Female,Emma Hippolyte,5fe903c481e77b3b405c5fb4,2021-01-31T21:11:47.821Z
60171f32d7a5c51dc8e3ef11,"",2021-01-31T21:20:50.990Z,60171762d7a5c51dc8e3eefe,,Male,Lenard Spider Montoute,5fcb20aabd66d830e82d61ee,2021-01-31T21:20:50.990Z
60172074d7a5c51dc8e3ef13,,2021-01-31T21:26:12.625Z,601717a2d7a5c51dc8e3eeff,,Male,Ezechiel Joseph,5fcb20aabd66d830e82d61ee,2021-01-31T21:26:12.625Z
601721c3d7a5c51dc8e3ef15,"",2021-01-31T21:31:47.907Z,601717a2d7a5c51dc8e3eeff,,Female,Alvina Bertram Reynolds,5fe903c481e77b3b405c5fb4,2021-01-31T21:31:47.907Z
601721e0d7a5c51dc8e3ef16,,2021-01-31T21:32:16.929Z,601717b3d7a5c51dc8e3ef00,,Male,Stephenson King,5fcb20aabd66d830e82d61ee,2021-01-31T21:32:16.929Z
601722add7a5c51dc8e3ef18,"",2021-01-31T21:35:41.117Z,601717b3d7a5c51dc8e3ef00,,Male,Stephen John Charlery,5fe903c481e77b3b405c5fb4,2021-01-31T21:35:41.117Z
60172346d7a5c51dc8e3ef1a,"",2021-01-31T21:38:14.977Z,60172324d7a5c51dc8e3ef19,,Female,Fortuna Cathlina Belrose,5fcb20aabd66d830e82d61ee,2021-01-31T21:38:14.977Z
601724fbd7a5c51dc8e3ef1b,"",2021-01-31T21:45:31.396Z,601717cfd7a5c51dc8e3ef01,,Male,Stanley Felix,5fe903c481e77b3b405c5fb4,2021-01-31T21:45:31.396Z
601725b4d7a5c51dc8e3ef1f,"",2021-01-31T21:48:36.751Z,601717cfd7a5c51dc8e3ef01,,Female,Sarah Flood-Beaubrun,5fcb20aabd66d830e82d61ee,2021-01-31T21:48:36.751Z
60172effb561b90e3c80ed5e,"",2021-01-31T22:28:15.480Z,60171a2dd7a5c51dc8e3ef03,,Female,Mary Isella Isaac,5fcb20aabd66d830e82d61ee,2021-01-31T22:28:15.480Z
60173047b561b90e3c80ed5f,"",2021-01-31T22:33:43.555Z,60171a2dd7a5c51dc8e3ef03,,Male,Ernest Hilaire,5fe903c481e77b3b405c5fb4,2021-01-31T22:33:43.555Z
601731c5b561b90e3c80ed60,"",2021-01-31T22:40:05.432Z,60171a47d7a5c51dc8e3ef04,,Male,Saturinus John Victorin,5fe903c481e77b3b405c5fb4,2021-01-31T22:40:05.432Z
6017335eb561b90e3c80ed62,"",2021-01-31T22:46:54.755Z,60171a47d7a5c51dc8e3ef04,,Male,Dominic Francis Fedee,5fcb20aabd66d830e82d61ee,2021-01-31T22:46:54.755Z
6017357cb561b90e3c80ed63,"",2021-01-31T22:55:56.295Z,5fcb2af7bd66d830e82d61ef,,Male,Simon David Gajadhar,60171de3d7a5c51dc8e3ef10,2021-01-31T22:55:56.295Z
601740efa6dac436680c5f34,"",2021-01-31T23:44:47.463Z,5fcb2af7bd66d830e82d61ef,,Male,Harold N. Dalson,5fe903c481e77b3b405c5fb4,2021-01-31T23:44:47.463Z
601741f567cc0b314ce61ae0,"",2021-01-31T23:49:09.550Z,5fe784ea81e77b3b405c5faa,,Male,John Bradley Felix,5fcb20aabd66d830e82d61ee,2021-01-31T23:49:09.550Z
601742ac67cc0b314ce61ae2,"",2021-01-31T23:52:12.727Z,5fe784ea81e77b3b405c5faa,,Male,Lorne Danquah Cox Theophilus,5fe903c481e77b3b405c5fb4,2021-01-31T23:52:12.727Z
601743785ff64b2ed8eedd04,"",2021-01-31T23:55:36.764Z,60171a8cd7a5c51dc8e3ef05,,Male,Alva Romanus Baptiste,5fe903c481e77b3b405c5fb4,2021-01-31T23:55:36.764Z
6017474b5ff64b2ed8eedd05,"",2021-02-01T00:11:55.319Z,60171a8cd7a5c51dc8e3ef05,,Male,Francisco Jean Pierre,5fcb20aabd66d830e82d61ee,2021-02-01T00:11:55.319Z
601747be5ff64b2ed8eedd06,"",2021-02-01T00:13:50.281Z,60171a9cd7a5c51dc8e3ef06,,Male,Kenny D. Anthony,5fe903c481e77b3b405c5fb4,2021-03-20T19:25:49.913Z
6017584f14ca9b39e8076467,"",2021-02-01T01:24:31.146Z,60171a9cd7a5c51dc8e3ef06,,Male,Ulric Mondesir,5fcb20aabd66d830e82d61ee,2021-02-01T01:25:53.855Z
6017587714ca9b39e8076468,,2021-02-01T01:25:11.969Z,60171aa8d7a5c51dc8e3ef07,,Male,Prince Ambrose,5fcb20aabd66d830e82d61ee,2021-02-01T01:25:11.969Z
601758cd14ca9b39e8076469,"",2021-02-01T01:26:37.416Z,60171aa8d7a5c51dc8e3ef07,,Male,Moses Jn. Baptiste,5fe903c481e77b3b405c5fb4,2021-02-01T01:26:37.416Z
60175a6bbdfc2d2c70c1ef8f,"",2021-02-01T01:33:31.905Z,60171ab6d7a5c51dc8e3ef08,,Male,Guibon Ferdinand,5fe903c481e77b3b405c5fb4,2021-02-01T01:33:31.905Z
601760947f9a23252c8d12f1,"",2021-02-01T01:59:48.182Z,60171ab6d7a5c51dc8e3ef08,,Male,Allen Michael Chastanet,5fcb20aabd66d830e82d61ee,2021-02-01T01:59:48.182Z
601760c97f9a23252c8d12f2,,2021-02-01T02:00:41.823Z,60171acdd7a5c51dc8e3ef09,,Male,Mc Donald Alexander,60171da1d7a5c51dc8e3ef0f,2021-02-01T02:00:41.823Z
601767f346e5fc0db011d22f,"",2021-02-01T02:31:15.441Z,60171acdd7a5c51dc8e3ef09,,Female,Jeannine Compton-Antoine,60171da1d7a5c51dc8e3ef0f,2021-02-01T02:33:37.385Z
60176b0999f5a1131c1ee6c3,"",2021-02-01T02:44:25.575Z,60171acdd7a5c51dc8e3ef09,,Male,Hebert Roserie,5fe903c481e77b3b405c5fb4,2021-02-01T02:44:25.575Z
60176b7099f5a1131c1ee6c4,"",2021-02-01T02:46:08.266Z,60171acdd7a5c51dc8e3ef09,,Female,Gale T. C. Rigobert,5fcb20aabd66d830e82d61ee,2021-02-01T02:46:08.266Z
60176bfc99f5a1131c1ee6c5,"",2021-02-01T02:48:28.027Z,60171ad9d7a5c51dc8e3ef0a,,Male,Caleb Celestin,60171da1d7a5c51dc8e3ef0f,2021-02-01T02:48:28.027Z
6028351b113a8d0c1c70db14,"",2021-02-13T20:22:51.107Z,60171ad9d7a5c51dc8e3ef0a,,Male,Edmund Estephane,5fcb20aabd66d830e82d61ee,2021-02-13T20:22:51.107Z
602836c122c1772b0c680b30,"",2021-02-13T20:29:53.983Z,60171ad9d7a5c51dc8e3ef0a,,Male,Jerome Gedeon,5fe903c481e77b3b405c5fb4,2021-02-13T20:29:53.983Z
6028371722c1772b0c680b31,,2021-02-13T20:31:19.950Z,60171ae5d7a5c51dc8e3ef0b,,Male,Henry Jimmy,5fcb20aabd66d830e82d61ee,2021-02-13T21:56:17.586Z
60284d741521203d788c0102,"",2021-02-13T22:06:44.950Z,60171ae5d7a5c51dc8e3ef0b,,Male,Shawn Andrey Edward,5fe903c481e77b3b405c5fb4,2021-02-13T22:06:44.950Z
60284d971521203d788c0103,,2021-02-13T22:07:19.457Z,60171af7d7a5c51dc8e3ef0c,,Male,Guy Eardley Joseph,5fcb20aabd66d830e82d61ee,2021-02-13T22:07:19.457Z
60284dd21521203d788c0105,,2021-02-13T22:08:18.353Z,60171af7d7a5c51dc8e3ef0c,,Male,Joachim Henry,5fe903c481e77b3b405c5fb4,2021-03-14T18:36:06.220Z
6028f52dbe48b504bc4f62c5,"",2021-02-14T10:02:21.812Z,60171762d7a5c51dc8e3eefe,,Male,Therold Rene Willerd Prudent,60171d61d7a5c51dc8e3ef0e,2021-02-14T10:02:21.812Z
603c6d9ae744b85cd488af89,"",2021-03-01T04:29:14.007Z,601717cfd7a5c51dc8e3ef01,,Male,Timothy Brian James,60171da1d7a5c51dc8e3ef0f,2021-03-01T04:29:14.007Z
